{
  "encoder_name": "PubMedBERT",
  "accuracy": 0.45799011532125206,
  "f1_macro": 0.08736638620698046,
  "f1_weighted": 0.29400457197387014,
  "num_train_samples": 2427,
  "num_test_samples": 607
}